title,view_count,likes,dislikes,comment_count
"BTS (방탄소년단) 'Dynamite' Official MV",124756617,9846002,358380,4823536
"Our family tested positive for Covid-19..",1053692,193206,2906,15999
"GULZAAR CHHANIWALA | THANDI THANDI (Official Video) | Latest Haryanvi Song 2020 | Speed Records",2731943,382646,10316,31330
"Mirzapur - An Ode To Fandom | Amazon Prime Video",2498368,187377,3746,11975
"Shendur Lal Chadhayo Achchha Gajmukhko - Ganesh Aarti | Ganpati Songs | Sindur Lal Chadayo",861629,14593,703,539
"Sidhu Moose Wala - My Block | Official Video | New Punjabi Song 2020 | Saga Music",10568521,594786,52754,360940
"BANNED (Full Video)  Ranjit Bawa | Sukh Brar | Kabal Saroopwali | Latest Punjabi Song 2020",814843,158871,1253,17295
"IK SUPNA (Official Video) SINGGA | Latest Punjabi Songs 2020",3175529,195972,3589,18131
"हरतालिका तीज स्पेशल - देवो के देव शिव कैलाशी | शिव भजन | Hartalika Teej Special Shiv Bhajan 2020",863190,11192,1771,3872
"Gupp Marda (Official Video) | Kulwinder Billa Feat Gurlej Akhtar | Latest Punjabi Songs 2020",4046748,172494,2677,6035
"Kolumande || Kannada 2K Album Video Song || Chandan Shetty || Anand Audio || Murali Master ||",1502183,50069,5157,2243
"Driving Our Car Underwater | गाडी को पानी में कभी मत डुबाना | Khel Khatam",6604282,272765,42941,19233
"दर्द भरा तीज त्योहार व्रत गीत || सपना में शिव जी कईलन दोसर विवाह || Anshu Priya Paramparik Teej Geet",2138311,11474,2574,4503
"The Software DevLOVEper || EP - 3 || Shanmukh Jaswanth Ft. Vaishnavi Chaitanya || Infinitum Media",841311,50738,965,6313
"Smile Please!  | Comedy | Karikku",10544103,765916,12287,39065
"पिया जी का प्यार !! पति पत्नी  के प्यार की दर्द भरी कहानी!! #Amrita dixit #teej special #video song",840403,5414,1235,1964
"Muqabla | Mr. Faisu Ft. Aadil Khan Choreography",916087,142163,57728,46896
"BTS (방탄소년단) 'Dynamite' Official Teaser",59680857,6104081,151162,997755
"My New SuperBike - Kawasaki Ninja H2 !! 😍🔥",475854,50276,3778,3374
"BYN : How To Impress your boss",730906,92652,1949,3674
"Apartment Secretary Prank | Prankster Rahul Tamil Prank | PSR India 2020",858954,66311,1701,5263
"Aai, Bappa & Neighbours | #ShubhAarambh #YandachaGanpatiGharchyaGhari #bhadipa",290404,28649,270,1600
"Dikkiloona - Official Trailer | Santhanam | Yuvanshankar Raja | Karthik Yogi",2886800,180155,3654,5634
"TENET - Final Trailer",1403201,74149,1025,6436
"Choy Ji Mari Hambhad Rakhnar | ચોય જી મારી હંભાળ રાખનાર | Jignesh Barot - Kaviraj | Gujarati Song",467235,16395,972,728
"35 Aali Coke (Official Song ) | KD | New Haryanvi Songs Haryanavi 2020 | Sonotek Music",1350391,50143,1825,2952
"No Competition Jass Manak (Full Album) Vishal Mishra | DIVINE | Sunidhi Chauhan | AseesK  | Aditya D",3184776,253727,18381,47700
"Loaded (Official Video) | Ninja | Ishita Raj | Gurlez Akhtar |Latest Punjabi Songs|New Punjabi Songs",7497922,296874,9023,10475
"OH NO! 12 Back To School Funny Pranks! Pranks on Teacher and Classmates By Crafty Panda",1586636,13410,2122,414
"Chithi 2 - Episode 66 | 19th August 2020 | Sun TV Serial | Tamil Serial",813263,7456,668,321
"Megastar Chiranjeevi | Megastar Common Motion Poster | Mega Fans | Madhura Audio",217920,12402,669,340
"Babbu Maan : Adab Punjabi | Pagal Shayar | New Punjabi Song 2020",5030046,371871,22246,488895
"Sembaruthi | Daily at 9:00 PM | Aadhi, Parvathy | Promo | Zee Tamil",1414535,12486,1392,758
"Fareb (Offical Video) Goldboy Ft Mahira Sharma | Jaskaran Riar|Latest Punjabi Songs 2020 | BangMusic",716309,36406,1690,4035
"SCHOOL GIRLS - Then vs Now | ShrutiArjunAnand",2781943,158895,10156,8099
"Super Star | 2K Teaser | Niranjan Sudhindra | Yash | Upendra | Ramesh Venkatesh Babu | Raghavendra.V",520346,32753,2206,3288
"Kundali Bhagya | Premiere Episode 753 Preview - Aug 21 2020 | Before ZEE TV | Hindi TV Serial",2215363,13631,3147,2349
"BTS Tease “Dynamite” Performance At The VMAs | #MTVFreshOut",338529,46296,218,1763
"CD याद है आपको? Technological Advancements & Evolution and Random Facts - TEF Ep 106",1478141,210370,3302,17689
"Chithi 2 - Episode 67 | 20th August 2020 | Sun TV Serial | Tamil Serial",476974,6057,498,266
"The Age I Turned Into My Mom || Mahathalli || Tamada Media",759457,33964,1311,4483
"37 Kg Arapaima Catch Through Hand Line From Quarry 😱 അരാപൈമയെ കൈ ചൂണ്ടയിൽ പിടിച്ചതാ വിശ്വസിക്കുമോ?",799366,44651,1619,3591
"SEED - Sultaan (Official Music Video)",216198,28730,2152,4075
"MY NEW BEAST SUPERBIKE DELIVERY !! 😍🔥",603944,54172,4716,3991
"Birthday Vlog 2020 - Steffi Ulagam",960346,40885,803,12354
"HERA PHERI - | ELVISH YADAV |",3227944,386745,17801,23134
"आसानी से स्टीम मोदक बनाने की विधि - steam ukadiche modak ki recipe - cookingshooking",273713,14098,318,1594
"Indian Maids | Kaamwali | Sanjhalika Vlog",570684,8885,2216,1244
"हरतालिकेची कहाणी, शंकराने पार्वतीला सांगितलेली कथा Hartalika Katha",399250,2514,338,266
"Niharika & Chaitanya Engagement UNSEEN Moments | MS Entertainments",1169049,12052,1156,425
"வாயில் வைத்தவுடன் கரையும் வித விதமான பூரணம் கொழுக்கட்டை | pooranam kozhukattai | kozhukattai recipe",703285,7017,616,248
"Corona Virus: भारत में कोरोना के खात्मे की 1-2 नहीं 3 वजह है!",844067,24498,2733,2843
"EKDANTA - RAJAL BAROT | DJ HARI | New Ganpati DJ Remix Song 2020 | Ganesha Status by RAGHAV DIGITAL",81746,2132,135,111
"Zakir Meets Bandish Bandits |ft.Ritwik Bhowmik | Shreya Chaudhry | Amazon Prime Video",273594,25211,289,1394
"Bapu Bommaki Pellanta Event Promo | Niharika | Vinayaka Chavithi Special | 23rd Aug Sun at 5 PM",6849956,122812,8361,3758
"AERO CYCLE MAKING | POWERFUL AIRCYCLE MAKING | M4 TECH |",700009,69834,1436,6022
"Mash Malayalam Short Film | Uma Nanda | Riyas Khan | Sreeram Ramachandran",259269,14066,451,992
"Gajendra Verma | Tere Nashe Mein Choor | Official Video",808072,62864,2801,3317
"Ala Modalaindi | EP-04/05 Mugimpu Modhalu | Krazy Khanna | Chai Bisket",67266,2988,213,193
"Ki Kore Bolbo Tomay | Mahaporinoy Porbo | 21st - 22nd August, Fri - Sat 9:30 PM | Promo | Zee Bangla",1099537,10417,715,671
"The Magic Book - Amit Bhadana - Sci-Fi Comedy ( Katayi Zeher )",10032276,899070,45533,79056
"बापू RAID ON शराबी छोरू ( PART-4) || FUNNY VIDEO || KANGRA BOYS",213900,33107,600,2117
"Class of '83 | Official Trailer | Bobby Deol | Streaming Now on Netflix",258241,8303,1056,717
"💥3000/- രൂപയുടെ എന്റെ പുതിയ മീനുകൾ | I bought new set of fishes | 3000/- Rs purchase",354068,29028,476,2711
"Anugraheethan Antony - Official Teaser |Sunny Wayne,Gouri Kishan |Arun Muraleedharan | Prince Joy|HD",886720,65820,562,1322
"SUMIT GOSWAMI - TORA (OFFICIAL VIDEO) | KHATRI | DEEPESH GOYAL | LATEST HARYANVI SONG 2020",10298305,532550,13601,19546
"FilterCopy | Awkward Situations With Mom | Ft. Ahsaas Channa and Kulbir Kaur",2291032,111489,2515,2672
"Uthi Uthi Ba Moreshwara | उठी उठी बा मोरेश्वरा | Suresh Wadkar",27961,123,13,3
"Naam Iruvar Namakku Iruvar | 21st to 22nd August 2020 - Promo",1077739,19093,474,495
"Son Of Abish feat. Flying Beast Family | Gaurav Taneja | Ritu Rathee | Rasbhari",288347,22184,325,923
"Giving JoJo Siwa A FULL MAKEOVER!",7628571,670808,14922,60401
"Why Prashant Bhushan Refused to Apologise to the Supreme Court | The Deshbhakt with Akash Banerjee",456958,51350,1753,7344
"मज़ेदार हैक्स जो सही में काम करेंगे || बढ़िया और मज़ेदार ट्रिक्स 123 GO!",5385402,39158,12677,2813
"MEGA RAP Song Full Video | A Tribute To Megastar Chiranjeevi | Siva Cherry | Telugu FilmNagar",166105,10347,548,471
"BADMASHI (Teaser) Veet Baljit ft Afsana Khan | Latest Punjabi Songs 2020",24004,3481,34,251
"ਲੱਗ ਗਿਆ ਪੰਜਾਬ 'ਚ  ਕਰਫ਼ਿਊ | Punjab Weekend Lockdown and Night Curfew News Today | COVID 19 Update",175051,5295,387,354
"മാസങ്ങൾക് ശേഷം ഒരു കിടിലൻ കല്യാണം കൂടി 😍😍 ||ASHNA & SALEEL|| EPISODE 169",321844,11269,1219,1226
"Utth Jaa Rey - Hindi Song | World Entrepreneur's Day | Harshil Karia X BeerBiceps | The Ranveer Show",138569,24611,274,1383
"Hartalika Puja Vidhi  हरतालिका पूजा विधी",248390,1269,178,59
"Vinayaka Chavithi Pooja Song - Ganesh Chaturthi Special Song | Ganapathi Bhakti Songs",26588,199,19,14
"Pandian Stores | 21st to 22nd August 2020 - Promo",1375997,15652,645,601
"Ganesh Chaturthi Special Songs - Morya Morya | Best Ganpati Songs Non Stop | Ganpati Songs Marathi",69306,847,66,63
"13 KA 3 ( Video ) | Ruchika Jangid | Parul Khatri | New Haryanvi Songs Haryanavi 2020 | Kala Niketan",32458,1641,124,89
"HOOKA || Masoom Sharma || Nidhi Sharma || Renuka Penwar || New Haryanvi Song 2020",2115029,67938,2167,2156
"#हरतालिका तीज व्रत पूजा विधि और पूजा सामग्री | 21 अगस्त 2020 घर में सरल तरीके से तीज पूजा विधि teeza",287986,2764,341,372
"Hyper Aadi & Raising Raju Performance | Jabardasth  | 20th August 2020  | ETV Telugu",1360999,20180,2713,1130
"No Competition : Jass Manak Feat. DIVINE (Official Song) Latest Punjabi Songs 2020 | Geet MP3",1845259,159688,7956,9300
"Har Ladka Ek Jaisa Nahi Hota | Youthiya Boyzz",597867,26977,1470,1559
"Kaatrin Mozhi | 21st to 22nd August 2020 - Promo",975419,9611,329,213
"ಗೌರಿಗಣೇಶ ಹಬ್ಬಕ್ಕೆ ಸಿಹಿ ಕಡುಬು ಒಡೆಯದ ಹಾಗೆ ಮಾಡುವ ತುಂಬಾ ಸುಲಭ ವಿಧಾನ |Modaka | Sihi kadubu recipe",245995,3478,257,172
"Tara Tarini | Full Ep 799 | 20th Aug 2020 | Odia Serial – TarangTV",630879,5528,724,298
"Haritalika Teej Vrat 2020 Date & Timing/पूजा मे यह गलती न करें/सवाल जवाब हरितालिका ब्रत teej2020.",390768,3335,544,227
"Guru Randhawa - The 751 Shoe - Rs 2999/- ** Announcement",66789,9714,204,1323
"Nua Bohu | Full Ep 895 | 20th Aug 2020 | Odia Serial – TarangTV",464011,3276,428,126
"Bapu Bommaki Pellanta Event Promo | Special Cut | Vinayaka Chavithi Event | 23rd Aug Sun at 5 PM",799723,17133,818,561
"Death on the Nile | Official Trailer | 20th Century Studios",1406182,44463,1319,4375
"Uppum Mulakum│Flowers│EP#1120",1265892,37536,1339,3153
"2020 Anukunnadi Okati Ayyinadi Okati Promo 4 - Vinayaka Chavithi Special Event - Sudigali Sudheer",4503873,94651,3557,2615
"Day 1 Highlights | Crawley Stars With Superb Maiden Hundred | England v Pakistan 3rd Test 2020",2722810,61334,2025,3037
"Bahon Ke Darmiyan | Melvin Louis Ft. Deepti Sati",186795,10757,813,650
"Sudigaali Sudheer Performance | Extra Jabardasth | 21st August 2020  | ETV Telugu",1018919,21595,1183,677
"Tuj Magato Me Aata | तुज मागतो मी आता | Prajakta Shukre | Shark",37218,415,36,28
"Kundali Bhagya | कुंडली भाग्य | Monday - Friday, 9:30PM | Promo | Zee TV",2903305,22308,3771,2229
"तीज व्रत पारण कब है? गणेश चतुर्थी और तीज व्रत एक साथ करे या नहीं? Teej Vrat Paran ki Vidhi",138163,3192,304,405
"Billo Tu Agg Official Video | Singhsta Feat. Yo Yo Honey Singh |  Bhushan Kumar | Mihir Gulati",25744858,932381,110048,107547
"Types Of Tatoo People Do  Vs Type Of Tatoo Physics Teachers Do !!",345668,44744,919,6769
"Super Long Front Tyre In Bike | अब आयेगा मज़ा | Crazy Modification",2101504,310000,5994,27390
"Madam Sir Madam Anthe || Part- 10 || Hey Siri || Shrihan || Infinitum Media",438644,45940,354,6552
"The 20 Million Journey | Dedicated To All My Fans | Ashish Chanchlani & Team",8527290,1915688,12265,108542
"Extreme Prank Challenge Part 2 | Prank Gone Wrong | Hungry Birds",878087,41628,1944,5980
"3D PEN UNBOXING🤩🤩ന്റമ്മോനെ വേറെലെവൽ സാധനം🔥🔥🔥UNBOXINGDUDE l",452803,36256,1806,8838
"Aashram | Official Trailer | Bobby Deol | Prakash Jha | MX Original Series | MX Player",7107844,117464,65751,19509
"चलो आपको अंटार्टिका के बर्फीले माहौल में ले चलें | What Is Inside -20°C Cold Room? 🥶Super Cool🥶",1373145,148876,3597,7577
"Habit | Raman Romana | The Boss | Shivjot | Official Video | New Punjabi Song 2020",1725980,19758,2524,674
"భారీ వర్షాలకు కుంగిన జంపన్న వాగు వంతెన | V6 News",1021821,6089,476,420
"Jignesh Barot ( Kaviraj) ચોય જ્યાં મારી હંભાળ રાખનાર | Choy Jya Mari Hambhad Rakhnar Gujarati Song",431992,15872,832,731
"Couple During First Time Ft. Twarita Nagar, Sameer Monga | Hasley India",885718,43136,5670,1447
"പുതിയ വീട്ടിൽ എത്തിട്ടോ!!ആദ്യ ദിവസം തന്നെ കിട്ടിയ എട്ടിന്റെ പണിയും അവിടുത്തെ ഒരുക്കങ്ങളും //Noufas.",108658,2555,224,462
"Chakkappazham | Flowers | Ep#09",696982,18560,911,2057
"A tribute to MS Dhoni the wicket-keeper",1980080,170284,1296,5288
"Ishare Tere Karti Nigah | इशारे तेरी करती निगाह | Feeling |Latest Haryani Song 2020 |Radhe  Creation",1937849,47926,2768,1891
"V - Motion Poster | Nani, Sudheer Babu, Aditi Rao Hydari, Nivetha Thomas| Amazon Prime Video| Sept 5",587461,22430,527,960
"Daang Chak Li | Sonam Bajwa | Ardab Mutiyaran | Best Punjabi Comedy Scene | Punjabi Comedy Movies",1033418,13468,616,197
"क्या होगा इस भरत-मिलाप का नतीजा? -Taarak Mehta Ka Ooltah Chashmah- तारक मेहता-Ep 2976 -21st Aug 2020",853367,13702,1326,478
"BANNED (Teaser) Ranjit Bawa | Latest Punjabi Songs 2020",134103,12983,138,624
"बढ़िया हेयर आइडिया || आसान हेयर टिप्स और DIY tricks 123 GO!",2115864,18377,3771,783
"Royal Stag Barrel Select Large Short Films | Call Him Eddy | Sanjay Suri | Eisha Chopra",244407,8500,151,596
"PEED: Diljit Dosanjh (Official) Music Video | G.O.A.T.",7703980,240055,3904,17319
"Tara Tarini | Full Ep 798 | 19th Aug 2020 | Odia Serial – TarangTV",682710,6445,767,313
"Kundali Bhagya | Premiere Episode 754 Preview - Aug 22 2020 | Before ZEE TV | Hindi TV Serial",1256247,8397,862,778
"Taarak Mehta Ka Ooltah Chashmah - तारक मेहता का उल्टा चशमाह - Episode 270 - Full Episode",521612,6810,610,192
"The 751 shoe launch - Guru Randhawa - Ad",387208,15517,483,1619
"MS Dhoni – the finisher",917942,86941,502,3069
"Fashion DARE Challenge - TWIN CHALLENGE | Episode 7 | DIYQueen",834312,50821,1976,5534
"सबसे बड़ी पतंग World's Biggest Kite | Hindi Comedy | Pakau TV Channel",2066797,30473,4475,1096
"JANAM FIDAE UMER | HAFIZ TAHIR QADRI | MANQABAT 2020 HAZRAT UMER FAROOQ",155867,16569,1316,3010
"Kolukattai Recipe in Tamil | Pidi Kolukattai with Pooranam | How to make Kozhukattai at home",684129,20712,537,4693
"Swimming Pool Stereotypes",14167234,603888,10498,27081
"How to Look Stylish - Try On Makeup, Hairstyle and Saree | Anaysa",682228,57665,1732,4044
"Dhee Champions | 26th August 2020 | latest Promo | ETV Telugu",3231025,53183,2694,1975
"WE ARE KNIGHTRIDERS | Choudhary Family | Vivek Choudhary | Khushi Punjaban",3279860,279981,5333,9964
"ZARA TRY ON LOCKDOWN HAUL! I'm back! | Sejal Kumar",278461,20418,1161,1233
"2020 Anukunnadi Okati Ayyinadi Okati Promo 3 - Vinayaka Chavithi Special Event - Sudigali Sudheer",7220796,120878,8561,4554
"Doctor - Nenjame Music Video | Sivakarthikeyan | Anirudh Ravichander | Nelson Dilipkumar",1467872,119706,6500,6548
"ETERNALS #1 Announcement Trailer | Marvel Comics",559149,20389,990,1382
"Ahadishika on the Floor | Ahaana , Diya , Ishaani , Hansika | Waving Flag",507200,30185,8330,1926
"Taarak Mehta Ka Ooltah Chashmah | तारक मेहता का उल्टा चश्मा | Episode 670 | Full Episode",1026983,9698,1111,252
"Vidyut Jammwal Thanks To Hrithik Roshan For Watching Movie Khuda Haafiz",604410,49970,477,1278
"A tribute to MS Dhoni",5908198,819375,6060,34041
"Khulke Jeene Ka - Dil Bechara|Lyric Video|Sushant-Sanjana|A.R. Rahman Arijit-Shashaa",169785,10733,133,417
"NEW! Ep 2975 - Taarak's Boss! | Taarak Mehta Ka Ooltah Chashmah Comedy | तारक मेहता का उल्टा चश्मा",2717182,64026,2462,2915
"Uppum Mulakum│Flowers│EP# 1119",1613908,43508,2432,4092
"Nayi Nayi Shaadi (Part 2) || A Beautiful Message || Shehbaaz Khan",744786,45696,953,3327
"Bahu Ne Karwaayi Saas Se Massage | GHOR KALYUG | Ss Vlogs :-)",781185,70216,793,3794
"Bahana - Melvin Louis Ft. Harleen Sethi",372324,21053,1169,715
"Sembaruthi | Premiere Episode 776 Preview - Aug 22 2020 | Before ZEE Tamil",608573,5815,371,271
"Ball Pen Writing Range Test | 5 रुपए का पेन कितने किलोमीटर चलेगा? Surprising Results",2036151,187736,6736,8381
"ഇനി മറ്റൊരു ലോകം!!താമസം മാറാനുള്ള കാരണവും അവസാന ഒരുക്കങ്ങളും!!house shifting vlog!!Noufas",118996,2381,324,357
"PlayStation 5 – Play Has No Limits",2098749,89585,3851,9322
"Ganesh Chaturthi Special: Live Satsang with Gurudev Sri Sri Ravi Shankar  | Full Talk",65525,2793,52,26
"Ys Jagan Inspects Ysr Housing Scheme Model House Bedrooms | Bezawada Media",246962,4597,611,264
"सनी देओल ने किया जंग का ऐलान | Yodha | Sunny Deol, Sanjay Dutt",372373,1141,318,53
"Billie Eilish - my future (Live)",5037345,627860,10679,53135
"Deewangi - Last Ep 41 Teaser - 19th August 2020 - HAR PAL GEO",666648,6949,755,480
"ഇന്ന് മുഹറം 1 ചൊല്ലേണ്ടതും അറിയേണ്ടതും Muharram 1 Sidheeq Mannani Kollam Speech About Muharram",72294,1746,180,176
"Call of Duty Black Ops: Cold War - Official Teaser Trailer",4428865,206555,8458,30665
"कपिल ने की भूरी से प्यारी बातें | The Kapil Sharma Show Season 2 | Best Moments",927581,16741,912,333
"Shakti | शक्ति | Ep. 1045 & 1046 | Recap",385532,3942,354,86
"தோனியின் 7:29 ரகசியம் |  #DhoniRetirement |  #Mahi | #Dhoni",283727,15901,226,556
"ऐसे करें हरितालिका तीज पूजन की तैयारी। तीज पूजन की सामग्री। Hartalika Teej 2020",862012,8210,1186,839
"New Motorcycle Give away To My Subscribers!! / ഒരു പുത്തൻ ബൈക്ക്‌ നിങ്ങൾക്ക്‌ സമ്മാനമായി 😍",315119,57382,594,95746
"Feelings | Ishare Tere Karti Nigah | Blind Love Story | New Haryanvi Song | By Unknown Boy Varun",2319361,55194,3946,2488
"50 Tolla (Full Video) | Mandeep Kahlon | Latest Punjabi Song 2020 | Humble Music |",1775507,57492,6631,3150
"BAARISH MAY LOCKDOWN | Warangal Diaries",362861,36264,836,1285
"Gajendra Verma | Tere Nashe Mein Choor | Teaser",684759,43648,452,931
"PATANGBAAZ - (15 August Special ) || Rachit Rojha",7745702,117979,26346,13320
"75 kg GIANT STINGRAY FISH COOKING | Stingray Fish Cutting and Cooking Skill | Thirukkai Kulambu",2083812,115980,4347,7638
"Veyil Official Trailer | Shane Nigam | Shine Tom Chacko | Sarath | Goodwill Entertainments",623869,38622,831,2026
"Extreme Prank For 24 Hours | Funny DIY Prank Challenge | Hungry Birds",1978045,61011,3646,9380
"Shakti | शक्ति | Ep. 1044 &1045 | Recap",445990,3759,372,64
"2 Bhai 1 Lugai || Bhai vs Bhai || Half Engineer",750360,50835,2837,3250
"DNA: नौकरियों के लिए अलग-अलग प्रवेश परीक्षाओं से छुटकारा | National Recruitment Agency | DNA Today",1186728,65263,2758,4958
"टार्ज़न कार और पुलिस कार की रेस || Tarzan The Wonder Car || Comedy Scenes",2129829,7120,2844,463
"UNSEEN Video : Niharika Konidela Pasupu Function || Chaitanya Jonnalagadda || Chai Biscuit",910405,5850,734,222
"Visiting India's Largest Poultry Farm",637100,55176,4260,3344
"DAD CAUGHT HIS GF IN HIS BEDROOM! - PITAI REVIEW #4 ft @Zakir Khan",1760064,197303,2463,4862
"Nand Episode 12 - Teaser - ARY Digital Drama",1213076,10174,579,352
"Weekly ReLIV - Taarak Mehta Ka Ooltah Chashmah - 10th To 14th August 2020 - Episodes 2967 To 2971",3997407,41921,4661,1446
"HOyeeee..Tera HAPPY Badday | Ss Vlogs :-)",762527,79004,678,8947
"Home Tour || Wirally Originals || Tamada Media",553612,21462,837,2050
"My 16th Birthday Vlog | Best Birthday Ever | SAMREEN ALI VLOGS",1258459,69372,7133,18402
"சளி, ஜுரம், தொண்டை வலி, ரொம்ப நாளா இருக்கா? அப்ப இத செய்யுங்க",86759,1158,91,50
"एक बार हरी मिर्च का अचार ऐसे जरूर बनाना सब्जी छोड़ अचार मै ही रम जाओगे-Hari Mirch Ka Achar-PickleReci",832264,11953,874,439
"PATI PATNI AUR PADOSI",851371,59704,1086,2637
"Texting in Relationships Ft. Be YouNick | MostlySane",496542,59315,1704,2465
"Sadak 2 | Official Trailer | Sanjay | Pooja | Alia | Aditya | Jisshu | Mahesh Bhatt | 28 Aug",66317218,680234,12338416,1079200
"Mahindra Thar 2020 - Most Detailed Video - Is it WOW?",1749806,52086,3506,3712
"2बार पी लो - हाथ-पैर, कमर दर्द, कमज़ोरी,थकान खून की कमी मोटापा चर्बी 90साल तक नहीं होने देगी ये चीज़",1304729,21559,2062,854
"HABITS (FULL OFFICIAL VIDEO) - AKAAL | NEHA MALIK | NEW PUNJABI SONG 2020 | MUSIC TYM PRODUCTIONS",3280708,80518,990,28221
"Bumrah Magic In Series Finale | FULL HIGHLIGHTS | BLACKCAPS v India - 5th T20, 2020",2634854,31974,2051,1060